{
    "metadata": {
        "version": 4.5,
        "type": "Object",
        "generator": "Object3D.toJSON"
    },
    "geometries": [
        {
            "uuid": "cube-geometry",
            "type": "BoxGeometry",
            "width": 1,
            "height": 1,
            "depth": 1
        }
    ],
    "materials": [
        {
            "uuid": "cube-material",
            "type": "MeshStandardMaterial",
            "color": 16777215,
            "metalness": 0,
            "roughness": 1
        }
    ],
    "object": {
        "uuid": "cube-object",
        "type": "Mesh",
        "geometry": "cube-geometry",
        "material": "cube-material",
        "matrix": [
            1, 0, 0, 0,
            0, 1, 0, 0,
            0, 0, 1, 0,
            0, 0, 0, 1
        ]
    }
}
